"idComponente";"idServidor";"horario";"valorLido";"unidadeMedida"
1;"5c:cd:5b:bf:96:a4";"2022-11-08 10:22:32";7.7;"%"
1;"5c:cd:5b:bf:96:a4";"2022-11-08 10:22:27";28.2;"%"
1;"5c:cd:5b:bf:96:a4";"2022-11-08 10:22:22";5.1;"%"
1;"5c:cd:5b:bf:96:a4";"2022-11-08 10:22:17";12.5;"%"
1;"5c:cd:5b:bf:96:a4";"2022-11-08 10:22:12";13.5;"%"
1;"5c:cd:5b:bf:96:a4";"2022-11-08 10:22:07";9.8;"%"
1;"5c:cd:5b:bf:96:a4";"2022-11-08 10:22:02";2.4;"%"
1;"5c:cd:5b:bf:96:a4";"2022-11-08 10:21:57";52.5;"%"
1;"5c:cd:5b:bf:96:a4";"2022-11-08 10:21:52";2.6;"%"
1;"5c:cd:5b:bf:96:a4";"2022-11-08 10:21:47";46.3;"%"
1;"5c:cd:5b:bf:96:a4";"2022-11-08 10:21:42";23.7;"%"
1;"5c:cd:5b:bf:96:a4";"2022-11-08 10:21:37";0.0;"%"
1;"5c:cd:5b:bf:96:a4";"2022-11-08 10:21:32";30.8;"%"
1;"5c:cd:5b:bf:96:a4";"2022-11-08 10:21:27";19.5;"%"
1;"5c:cd:5b:bf:96:a4";"2022-11-08 10:21:22";2.6;"%"
1;"5c:cd:5b:bf:96:a4";"2022-11-08 10:21:17";2.5;"%"
1;"5c:cd:5b:bf:96:a4";"2022-11-08 10:21:12";60.0;"%"
1;"5c:cd:5b:bf:96:a4";"2022-11-08 10:21:07";12.2;"%"
1;"5c:cd:5b:bf:96:a4";"2022-11-08 10:21:01";27.5;"%"
1;"5c:cd:5b:bf:96:a4";"2022-11-08 10:20:56";28.9;"%"
1;"5c:cd:5b:bf:96:a4";"2022-11-08 10:20:51";50.0;"%"
1;"5c:cd:5b:bf:96:a4";"2022-11-08 10:20:46";2.6;"%"
1;"5c:cd:5b:bf:96:a4";"2022-11-08 10:20:41";12.8;"%"
1;"5c:cd:5b:bf:96:a4";"2022-11-08 10:20:36";4.9;"%"
1;"5c:cd:5b:bf:96:a4";"2022-11-08 10:20:31";10.3;"%"
1;"5c:cd:5b:bf:96:a4";"2022-11-08 10:20:26";12.5;"%"
1;"5c:cd:5b:bf:96:a4";"2022-11-08 10:20:21";38.5;"%"
1;"5c:cd:5b:bf:96:a4";"2022-11-08 10:20:16";23.1;"%"
1;"5c:cd:5b:bf:96:a4";"2022-11-08 10:20:11";5.1;"%"
1;"5c:cd:5b:bf:96:a4";"2022-11-08 10:20:06";12.8;"%"
1;"5c:cd:5b:bf:96:a4";"2022-11-08 10:20:01";2.5;"%"
1;"5c:cd:5b:bf:96:a4";"2022-11-08 10:19:56";28.2;"%"
1;"5c:cd:5b:bf:96:a4";"2022-11-08 10:19:51";5.3;"%"
1;"5c:cd:5b:bf:96:a4";"2022-11-08 10:19:46";37.2;"%"
1;"5c:cd:5b:bf:96:a4";"2022-11-08 10:19:41";38.5;"%"
1;"5c:cd:5b:bf:96:a4";"2022-11-08 10:19:36";60.0;"%"
1;"5c:cd:5b:bf:96:a4";"2022-11-08 10:19:31";30.0;"%"
1;"5c:cd:5b:bf:96:a4";"2022-11-08 10:19:26";25.6;"%"
1;"5c:cd:5b:bf:96:a4";"2022-11-08 10:19:20";0.0;"%"
1;"5c:cd:5b:bf:96:a4";"2022-11-08 10:19:15";19.5;"%"
1;"5c:cd:5b:bf:96:a4";"2022-11-08 10:19:10";38.5;"%"
1;"5c:cd:5b:bf:96:a4";"2022-11-08 10:19:05";15.0;"%"
1;"5c:cd:5b:bf:96:a4";"2022-11-08 10:19:00";11.9;"%"
1;"5c:cd:5b:bf:96:a4";"2022-11-08 10:18:55";2.6;"%"
1;"5c:cd:5b:bf:96:a4";"2022-11-08 10:18:50";47.5;"%"
1;"5c:cd:5b:bf:96:a4";"2022-11-08 10:18:45";26.8;"%"
1;"5c:cd:5b:bf:96:a4";"2022-11-08 10:18:40";35.1;"%"
1;"5c:cd:5b:bf:96:a4";"2022-11-08 10:18:35";2.6;"%"
1;"5c:cd:5b:bf:96:a4";"2022-11-08 10:18:30";23.3;"%"
1;"5c:cd:5b:bf:96:a4";"2022-11-08 10:18:25";14.6;"%"
1;"5c:cd:5b:bf:96:a4";"2022-11-08 10:18:20";5.6;"%"
1;"5c:cd:5b:bf:96:a4";"2022-11-08 10:18:15";0.0;"%"
1;"5c:cd:5b:bf:96:a4";"2022-11-08 10:18:10";5.0;"%"
1;"5c:cd:5b:bf:96:a4";"2022-11-08 10:18:05";14.6;"%"
1;"5c:cd:5b:bf:96:a4";"2022-11-08 10:18:00";9.5;"%"
1;"5c:cd:5b:bf:96:a4";"2022-11-08 10:17:55";32.5;"%"
1;"5c:cd:5b:bf:96:a4";"2022-11-08 10:17:50";0.0;"%"
1;"5c:cd:5b:bf:96:a4";"2022-11-08 10:17:45";22.5;"%"
1;"5c:cd:5b:bf:96:a4";"2022-11-08 10:17:40";17.1;"%"
1;"5c:cd:5b:bf:96:a4";"2022-11-08 10:17:34";60.0;"%"
1;"5c:cd:5b:bf:96:a4";"2022-11-08 10:17:29";25.6;"%"
1;"5c:cd:5b:bf:96:a4";"2022-11-08 10:17:24";22.0;"%"
1;"5c:cd:5b:bf:96:a4";"2022-11-08 10:17:19";12.8;"%"
1;"5c:cd:5b:bf:96:a4";"2022-11-08 10:17:14";17.1;"%"
1;"5c:cd:5b:bf:96:a4";"2022-11-08 10:17:09";5.1;"%"
1;"5c:cd:5b:bf:96:a4";"2022-11-08 10:17:04";4.9;"%"
1;"5c:cd:5b:bf:96:a4";"2022-11-08 10:16:59";2.5;"%"
1;"5c:cd:5b:bf:96:a4";"2022-11-08 10:16:54";94.9;"%"
1;"5c:cd:5b:bf:96:a4";"2022-11-08 10:16:49";0.0;"%"
1;"5c:cd:5b:bf:96:a4";"2022-11-08 10:16:44";24.3;"%"
1;"5c:cd:5b:bf:96:a4";"2022-11-08 10:16:39";5.4;"%"
1;"5c:cd:5b:bf:96:a4";"2022-11-08 10:16:34";7.7;"%"
1;"5c:cd:5b:bf:96:a4";"2022-11-08 10:16:29";19.0;"%"
1;"5c:cd:5b:bf:96:a4";"2022-11-08 10:16:24";7.7;"%"
1;"5c:cd:5b:bf:96:a4";"2022-11-08 10:16:19";7.9;"%"
1;"5c:cd:5b:bf:96:a4";"2022-11-08 10:16:14";21.4;"%"
1;"5c:cd:5b:bf:96:a4";"2022-11-08 10:16:09";20.0;"%"
1;"5c:cd:5b:bf:96:a4";"2022-11-08 10:16:04";2.5;"%"
1;"5c:cd:5b:bf:96:a4";"2022-11-08 10:15:59";25.0;"%"
1;"5c:cd:5b:bf:96:a4";"2022-11-08 10:15:53";2.5;"%"
1;"5c:cd:5b:bf:96:a4";"2022-11-08 10:15:48";5.1;"%"
1;"5c:cd:5b:bf:96:a4";"2022-11-08 10:15:43";14.6;"%"
1;"5c:cd:5b:bf:96:a4";"2022-11-08 10:15:38";9.8;"%"
1;"5c:cd:5b:bf:96:a4";"2022-11-08 10:15:33";2.6;"%"
1;"5c:cd:5b:bf:96:a4";"2022-11-08 10:15:28";5.1;"%"
1;"5c:cd:5b:bf:96:a4";"2022-11-08 10:15:23";2.6;"%"
1;"5c:cd:5b:bf:96:a4";"2022-11-08 10:15:18";9.8;"%"
1;"5c:cd:5b:bf:96:a4";"2022-11-08 10:15:13";5.0;"%"
1;"5c:cd:5b:bf:96:a4";"2022-11-08 10:15:08";56.1;"%"
1;"5c:cd:5b:bf:96:a4";"2022-11-08 10:15:03";2.6;"%"
1;"5c:cd:5b:bf:96:a4";"2022-11-08 10:14:58";7.7;"%"
1;"5c:cd:5b:bf:96:a4";"2022-11-08 10:14:53";9.5;"%"
1;"5c:cd:5b:bf:96:a4";"2022-11-08 10:14:48";14.3;"%"
1;"5c:cd:5b:bf:96:a4";"2022-11-08 10:14:43";2.5;"%"
1;"5c:cd:5b:bf:96:a4";"2022-11-08 10:14:38";22.0;"%"
1;"5c:cd:5b:bf:96:a4";"2022-11-08 10:14:33";0.0;"%"
1;"5c:cd:5b:bf:96:a4";"2022-11-08 10:14:28";31.7;"%"
1;"5c:cd:5b:bf:96:a4";"2022-11-08 10:14:23";9.5;"%"
1;"5c:cd:5b:bf:96:a4";"2022-11-08 10:14:18";5.1;"%"
1;"5c:cd:5b:bf:96:a4";"2022-11-08 10:14:13";4.9;"%"
1;"5c:cd:5b:bf:96:a4";"2022-11-08 10:14:08";28.2;"%"
1;"5c:cd:5b:bf:96:a4";"2022-11-08 10:14:02";5.0;"%"
1;"5c:cd:5b:bf:96:a4";"2022-11-08 10:13:57";2.6;"%"
1;"5c:cd:5b:bf:96:a4";"2022-11-08 10:13:52";5.0;"%"
1;"5c:cd:5b:bf:96:a4";"2022-11-08 10:13:47";2.6;"%"
1;"5c:cd:5b:bf:96:a4";"2022-11-08 10:13:42";7.7;"%"
1;"5c:cd:5b:bf:96:a4";"2022-11-08 10:13:37";5.0;"%"
1;"5c:cd:5b:bf:96:a4";"2022-11-08 10:13:32";7.3;"%"
1;"5c:cd:5b:bf:96:a4";"2022-11-08 10:13:27";5.0;"%"
1;"5c:cd:5b:bf:96:a4";"2022-11-08 10:13:22";7.5;"%"
1;"5c:cd:5b:bf:96:a4";"2022-11-08 10:13:17";0.0;"%"
1;"5c:cd:5b:bf:96:a4";"2022-11-08 10:13:12";66.7;"%"
1;"5c:cd:5b:bf:96:a4";"2022-11-08 10:13:07";28.2;"%"
1;"5c:cd:5b:bf:96:a4";"2022-11-08 10:13:02";5.1;"%"
1;"5c:cd:5b:bf:96:a4";"2022-11-08 10:12:57";2.6;"%"
1;"5c:cd:5b:bf:96:a4";"2022-11-08 10:12:52";7.5;"%"
1;"5c:cd:5b:bf:96:a4";"2022-11-08 10:12:47";12.8;"%"
1;"5c:cd:5b:bf:96:a4";"2022-11-08 10:12:42";69.2;"%"
1;"5c:cd:5b:bf:96:a4";"2022-11-08 10:12:37";10.5;"%"
1;"5c:cd:5b:bf:96:a4";"2022-11-08 10:12:32";22.5;"%"
1;"5c:cd:5b:bf:96:a4";"2022-11-08 10:12:26";2.5;"%"
1;"5c:cd:5b:bf:96:a4";"2022-11-08 10:12:21";2.6;"%"
1;"5c:cd:5b:bf:96:a4";"2022-11-08 10:12:16";7.5;"%"
1;"5c:cd:5b:bf:96:a4";"2022-11-08 10:12:11";12.5;"%"
1;"5c:cd:5b:bf:96:a4";"2022-11-08 10:12:06";20.5;"%"
1;"5c:cd:5b:bf:96:a4";"2022-11-08 10:12:01";15.4;"%"
1;"5c:cd:5b:bf:96:a4";"2022-11-08 10:11:56";51.2;"%"
1;"5c:cd:5b:bf:96:a4";"2022-11-08 10:11:51";24.4;"%"
1;"5c:cd:5b:bf:96:a4";"2022-11-08 10:11:46";12.2;"%"
1;"5c:cd:5b:bf:96:a4";"2022-11-08 10:11:41";7.1;"%"
1;"5c:cd:5b:bf:96:a4";"2022-11-08 10:11:36";0.0;"%"
1;"5c:cd:5b:bf:96:a4";"2022-11-08 10:11:31";2.6;"%"
1;"5c:cd:5b:bf:96:a4";"2022-11-08 10:11:26";10.5;"%"
1;"5c:cd:5b:bf:96:a4";"2022-11-08 10:11:21";2.6;"%"
1;"5c:cd:5b:bf:96:a4";"2022-11-08 10:11:16";10.3;"%"
1;"5c:cd:5b:bf:96:a4";"2022-11-08 10:11:11";5.1;"%"
1;"5c:cd:5b:bf:96:a4";"2022-11-08 10:11:06";55.0;"%"
1;"5c:cd:5b:bf:96:a4";"2022-11-08 10:11:01";24.3;"%"
1;"5c:cd:5b:bf:96:a4";"2022-11-08 10:10:56";2.5;"%"
1;"5c:cd:5b:bf:96:a4";"2022-11-08 10:10:50";14.3;"%"
1;"5c:cd:5b:bf:96:a4";"2022-11-08 10:10:45";0.0;"%"
1;"5c:cd:5b:bf:96:a4";"2022-11-08 10:10:40";2.5;"%"
1;"5c:cd:5b:bf:96:a4";"2022-11-08 10:10:35";16.7;"%"
1;"5c:cd:5b:bf:96:a4";"2022-11-08 10:10:30";32.5;"%"
1;"5c:cd:5b:bf:96:a4";"2022-11-08 10:10:25";25.0;"%"
1;"5c:cd:5b:bf:96:a4";"2022-11-08 10:10:20";5.0;"%"
1;"5c:cd:5b:bf:96:a4";"2022-11-08 10:10:15";5.0;"%"
1;"5c:cd:5b:bf:96:a4";"2022-11-08 10:10:10";5.0;"%"
1;"5c:cd:5b:bf:96:a4";"2022-11-08 10:10:05";17.9;"%"
1;"5c:cd:5b:bf:96:a4";"2022-11-08 10:10:00";9.8;"%"
1;"5c:cd:5b:bf:96:a4";"2022-11-08 10:09:55";4.9;"%"
1;"5c:cd:5b:bf:96:a4";"2022-11-08 10:09:50";8.3;"%"
1;"5c:cd:5b:bf:96:a4";"2022-11-08 10:09:45";12.5;"%"
1;"5c:cd:5b:bf:96:a4";"2022-11-08 10:09:40";32.5;"%"
1;"5c:cd:5b:bf:96:a4";"2022-11-08 10:09:35";18.4;"%"
1;"5c:cd:5b:bf:96:a4";"2022-11-08 10:09:30";17.9;"%"
1;"5c:cd:5b:bf:96:a4";"2022-11-08 10:09:24";18.4;"%"
1;"5c:cd:5b:bf:96:a4";"2022-11-08 10:09:19";15.8;"%"
1;"5c:cd:5b:bf:96:a4";"2022-11-08 10:09:14";87.8;"%"
1;"5c:cd:5b:bf:96:a4";"2022-11-08 10:09:09";20.5;"%"
1;"5c:cd:5b:bf:96:a4";"2022-11-08 10:09:04";17.5;"%"
1;"5c:cd:5b:bf:96:a4";"2022-11-08 10:08:59";26.3;"%"
1;"5c:cd:5b:bf:96:a4";"2022-11-08 10:08:54";50.0;"%"
1;"5c:cd:5b:bf:96:a4";"2022-11-08 10:08:49";20.5;"%"
1;"5c:cd:5b:bf:96:a4";"2022-11-08 10:08:44";27.5;"%"
1;"5c:cd:5b:bf:96:a4";"2022-11-08 10:08:39";22.5;"%"
1;"5c:cd:5b:bf:96:a4";"2022-11-08 10:08:34";43.2;"%"
1;"5c:cd:5b:bf:96:a4";"2022-11-08 10:08:29";22.5;"%"
1;"5c:cd:5b:bf:96:a4";"2022-11-08 10:08:23";10.0;"%"
1;"5c:cd:5b:bf:96:a4";"2022-11-08 10:08:18";52.5;"%"
1;"5c:cd:5b:bf:96:a4";"2022-11-08 10:08:13";28.2;"%"
1;"5c:cd:5b:bf:96:a4";"2022-11-08 10:08:08";15.0;"%"
1;"5c:cd:5b:bf:96:a4";"2022-11-08 10:08:03";34.9;"%"
1;"5c:cd:5b:bf:96:a4";"2022-11-08 10:07:58";20.0;"%"
1;"5c:cd:5b:bf:96:a4";"2022-11-08 10:07:53";23.7;"%"
1;"5c:cd:5b:bf:96:a4";"2022-11-08 10:07:48";10.5;"%"
1;"5c:cd:5b:bf:96:a4";"2022-11-08 10:07:43";13.2;"%"
1;"5c:cd:5b:bf:96:a4";"2022-11-08 10:07:38";34.2;"%"
1;"5c:cd:5b:bf:96:a4";"2022-11-08 10:07:33";40.5;"%"
1;"5c:cd:5b:bf:96:a4";"2022-11-08 10:07:28";30.0;"%"
1;"5c:cd:5b:bf:96:a4";"2022-11-08 10:07:23";20.0;"%"
1;"5c:cd:5b:bf:96:a4";"2022-11-08 10:07:18";32.5;"%"
1;"5c:cd:5b:bf:96:a4";"2022-11-08 10:07:13";24.3;"%"
1;"5c:cd:5b:bf:96:a4";"2022-11-08 10:07:08";21.6;"%"
1;"5c:cd:5b:bf:96:a4";"2022-11-08 10:07:03";17.9;"%"
1;"5c:cd:5b:bf:96:a4";"2022-11-08 10:06:57";23.7;"%"
1;"5c:cd:5b:bf:96:a4";"2022-11-08 10:06:52";42.9;"%"
1;"5c:cd:5b:bf:96:a4";"2022-11-08 10:06:47";25.0;"%"
1;"5c:cd:5b:bf:96:a4";"2022-11-08 10:06:42";28.2;"%"
1;"5c:cd:5b:bf:96:a4";"2022-11-08 10:06:37";20.0;"%"
1;"5c:cd:5b:bf:96:a4";"2022-11-08 10:06:32";31.0;"%"
1;"5c:cd:5b:bf:96:a4";"2022-11-08 10:06:27";17.5;"%"
1;"5c:cd:5b:bf:96:a4";"2022-11-08 10:06:22";22.5;"%"
1;"5c:cd:5b:bf:96:a4";"2022-11-08 10:06:17";20.0;"%"
1;"5c:cd:5b:bf:96:a4";"2022-11-08 10:06:12";23.1;"%"
1;"5c:cd:5b:bf:96:a4";"2022-11-08 10:06:07";16.2;"%"
1;"5c:cd:5b:bf:96:a4";"2022-11-08 10:06:02";17.9;"%"
1;"5c:cd:5b:bf:96:a4";"2022-11-08 10:05:57";24.3;"%"
1;"5c:cd:5b:bf:96:a4";"2022-11-08 10:05:52";15.8;"%"
1;"5c:cd:5b:bf:96:a4";"2022-11-08 10:05:47";15.4;"%"
1;"5c:cd:5b:bf:96:a4";"2022-11-08 10:05:42";19.5;"%"
1;"5c:cd:5b:bf:96:a4";"2022-11-08 10:05:37";12.8;"%"
1;"5c:cd:5b:bf:96:a4";"2022-11-08 10:05:31";40.0;"%"
1;"5c:cd:5b:bf:96:a4";"2022-11-08 10:05:26";17.5;"%"
1;"5c:cd:5b:bf:96:a4";"2022-11-08 10:05:21";20.0;"%"
1;"5c:cd:5b:bf:96:a4";"2022-11-08 10:05:16";30.8;"%"
1;"5c:cd:5b:bf:96:a4";"2022-11-08 10:05:11";28.9;"%"
1;"5c:cd:5b:bf:96:a4";"2022-11-08 10:05:06";17.9;"%"
1;"5c:cd:5b:bf:96:a4";"2022-11-08 10:05:01";17.9;"%"
1;"5c:cd:5b:bf:96:a4";"2022-11-08 10:04:56";23.1;"%"
1;"5c:cd:5b:bf:96:a4";"2022-11-08 10:04:51";17.9;"%"
1;"5c:cd:5b:bf:96:a4";"2022-11-08 10:04:46";30.0;"%"
1;"5c:cd:5b:bf:96:a4";"2022-11-08 10:04:41";23.1;"%"
1;"5c:cd:5b:bf:96:a4";"2022-11-08 10:04:36";20.0;"%"
1;"5c:cd:5b:bf:96:a4";"2022-11-08 10:04:31";20.5;"%"
1;"5c:cd:5b:bf:96:a4";"2022-11-08 10:04:26";18.4;"%"
1;"5c:cd:5b:bf:96:a4";"2022-11-08 10:04:21";23.1;"%"
1;"5c:cd:5b:bf:96:a4";"2022-11-08 10:04:16";18.4;"%"
1;"5c:cd:5b:bf:96:a4";"2022-11-08 10:04:10";20.0;"%"
1;"5c:cd:5b:bf:96:a4";"2022-11-08 10:04:05";30.6;"%"
1;"5c:cd:5b:bf:96:a4";"2022-11-08 10:04:00";41.5;"%"
1;"5c:cd:5b:bf:96:a4";"2022-11-08 10:03:55";39.5;"%"
1;"5c:cd:5b:bf:96:a4";"2022-11-08 10:03:50";39.5;"%"
1;"5c:cd:5b:bf:96:a4";"2022-11-08 10:03:45";17.9;"%"
1;"5c:cd:5b:bf:96:a4";"2022-11-08 10:03:40";15.8;"%"
1;"5c:cd:5b:bf:96:a4";"2022-11-08 10:03:35";28.2;"%"
1;"5c:cd:5b:bf:96:a4";"2022-11-08 10:03:30";17.5;"%"
1;"5c:cd:5b:bf:96:a4";"2022-11-08 10:03:25";14.6;"%"
1;"5c:cd:5b:bf:96:a4";"2022-11-08 10:03:20";15.4;"%"
1;"5c:cd:5b:bf:96:a4";"2022-11-08 10:03:15";31.0;"%"
1;"5c:cd:5b:bf:96:a4";"2022-11-08 10:03:10";21.6;"%"
1;"5c:cd:5b:bf:96:a4";"2022-11-08 10:03:05";56.4;"%"
1;"5c:cd:5b:bf:96:a4";"2022-11-08 10:03:00";17.1;"%"
1;"5c:cd:5b:bf:96:a4";"2022-11-08 10:02:55";26.8;"%"
1;"5c:cd:5b:bf:96:a4";"2022-11-08 10:02:50";28.2;"%"
1;"5c:cd:5b:bf:96:a4";"2022-11-08 10:02:45";20.0;"%"
1;"5c:cd:5b:bf:96:a4";"2022-11-08 10:02:40";20.0;"%"
1;"5c:cd:5b:bf:96:a4";"2022-11-08 10:02:34";28.2;"%"
1;"5c:cd:5b:bf:96:a4";"2022-11-08 10:02:29";18.4;"%"
1;"5c:cd:5b:bf:96:a4";"2022-11-08 10:02:24";18.4;"%"
1;"5c:cd:5b:bf:96:a4";"2022-11-08 10:02:19";17.5;"%"
1;"5c:cd:5b:bf:96:a4";"2022-11-08 10:02:14";15.4;"%"
1;"5c:cd:5b:bf:96:a4";"2022-11-08 10:02:09";22.5;"%"
1;"5c:cd:5b:bf:96:a4";"2022-11-08 10:02:04";28.9;"%"
1;"5c:cd:5b:bf:96:a4";"2022-11-08 10:01:59";31.6;"%"
1;"5c:cd:5b:bf:96:a4";"2022-11-08 10:01:54";26.3;"%"
1;"5c:cd:5b:bf:96:a4";"2022-11-08 10:01:49";15.4;"%"
1;"5c:cd:5b:bf:96:a4";"2022-11-08 10:01:44";28.6;"%"
1;"5c:cd:5b:bf:96:a4";"2022-11-08 10:01:39";47.5;"%"
1;"5c:cd:5b:bf:96:a4";"2022-11-08 10:01:34";21.4;"%"
1;"5c:cd:5b:bf:96:a4";"2022-11-08 10:01:29";15.8;"%"
1;"5c:cd:5b:bf:96:a4";"2022-11-08 10:01:23";17.9;"%"
1;"5c:cd:5b:bf:96:a4";"2022-11-08 10:01:18";22.5;"%"
1;"5c:cd:5b:bf:96:a4";"2022-11-08 10:01:13";27.0;"%"
1;"5c:cd:5b:bf:96:a4";"2022-11-08 10:01:08";13.2;"%"
1;"5c:cd:5b:bf:96:a4";"2022-11-08 10:01:03";55.3;"%"
1;"5c:cd:5b:bf:96:a4";"2022-11-08 10:00:58";36.8;"%"
1;"5c:cd:5b:bf:96:a4";"2022-11-08 10:00:53";24.4;"%"
1;"5c:cd:5b:bf:96:a4";"2022-11-08 10:00:48";45.2;"%"
1;"5c:cd:5b:bf:96:a4";"2022-11-08 10:00:43";42.5;"%"
1;"5c:cd:5b:bf:96:a4";"2022-11-08 10:00:38";22.0;"%"
1;"5c:cd:5b:bf:96:a4";"2022-11-08 10:00:33";25.6;"%"
1;"5c:cd:5b:bf:96:a4";"2022-11-08 10:00:28";38.5;"%"
1;"5c:cd:5b:bf:96:a4";"2022-11-08 10:00:23";30.2;"%"
1;"5c:cd:5b:bf:96:a4";"2022-11-08 10:00:17";29.3;"%"
1;"5c:cd:5b:bf:96:a4";"2022-11-08 10:00:12";25.6;"%"
1;"5c:cd:5b:bf:96:a4";"2022-11-08 10:00:07";31.7;"%"
1;"5c:cd:5b:bf:96:a4";"2022-11-08 10:00:02";23.1;"%"
1;"5c:cd:5b:bf:96:a4";"2022-11-08 09:59:57";39.5;"%"
1;"5c:cd:5b:bf:96:a4";"2022-11-08 09:59:52";27.0;"%"
1;"5c:cd:5b:bf:96:a4";"2022-11-08 09:59:47";27.5;"%"
1;"5c:cd:5b:bf:96:a4";"2022-11-08 09:59:42";35.0;"%"
1;"5c:cd:5b:bf:96:a4";"2022-11-08 09:59:37";39.5;"%"
1;"5c:cd:5b:bf:96:a4";"2022-11-08 09:59:32";22.5;"%"
1;"5c:cd:5b:bf:96:a4";"2022-11-08 09:59:27";18.4;"%"
1;"5c:cd:5b:bf:96:a4";"2022-11-08 09:59:22";24.4;"%"
1;"5c:cd:5b:bf:96:a4";"2022-11-08 09:59:17";43.6;"%"
1;"5c:cd:5b:bf:96:a4";"2022-11-08 09:59:11";22.5;"%"
1;"5c:cd:5b:bf:96:a4";"2022-11-08 09:59:06";57.5;"%"
1;"5c:cd:5b:bf:96:a4";"2022-11-08 09:59:01";23.1;"%"
1;"5c:cd:5b:bf:96:a4";"2022-11-08 09:58:56";24.4;"%"
1;"5c:cd:5b:bf:96:a4";"2022-11-08 09:58:51";18.4;"%"
1;"5c:cd:5b:bf:96:a4";"2022-11-08 09:58:46";35.9;"%"
1;"5c:cd:5b:bf:96:a4";"2022-11-08 09:58:41";41.0;"%"
1;"5c:cd:5b:bf:96:a4";"2022-11-08 09:58:36";18.4;"%"
1;"5c:cd:5b:bf:96:a4";"2022-11-08 09:58:31";22.5;"%"
1;"5c:cd:5b:bf:96:a4";"2022-11-08 09:58:26";22.0;"%"
1;"5c:cd:5b:bf:96:a4";"2022-11-08 09:58:21";17.5;"%"
1;"5c:cd:5b:bf:96:a4";"2022-11-08 09:58:16";46.3;"%"
1;"5c:cd:5b:bf:96:a4";"2022-11-08 09:58:11";17.5;"%"
1;"5c:cd:5b:bf:96:a4";"2022-11-08 09:58:05";50.0;"%"
1;"5c:cd:5b:bf:96:a4";"2022-11-08 09:58:00";17.5;"%"
1;"5c:cd:5b:bf:96:a4";"2022-11-08 09:57:55";42.5;"%"
1;"5c:cd:5b:bf:96:a4";"2022-11-08 09:57:50";32.5;"%"
1;"5c:cd:5b:bf:96:a4";"2022-11-08 09:57:45";13.5;"%"
1;"5c:cd:5b:bf:96:a4";"2022-11-08 09:57:40";26.8;"%"
1;"5c:cd:5b:bf:96:a4";"2022-11-08 09:57:35";39.0;"%"
1;"5c:cd:5b:bf:96:a4";"2022-11-08 09:57:30";25.6;"%"
1;"5c:cd:5b:bf:96:a4";"2022-11-08 09:57:25";42.1;"%"
1;"5c:cd:5b:bf:96:a4";"2022-11-08 09:57:20";20.0;"%"
1;"5c:cd:5b:bf:96:a4";"2022-11-08 09:57:15";38.5;"%"
1;"5c:cd:5b:bf:96:a4";"2022-11-08 09:57:10";55.0;"%"
1;"5c:cd:5b:bf:96:a4";"2022-11-08 09:57:05";27.9;"%"
1;"5c:cd:5b:bf:96:a4";"2022-11-08 09:56:59";22.0;"%"
1;"5c:cd:5b:bf:96:a4";"2022-11-08 09:56:54";22.0;"%"
1;"5c:cd:5b:bf:96:a4";"2022-11-08 09:56:49";24.4;"%"
1;"5c:cd:5b:bf:96:a4";"2022-11-08 09:56:44";21.1;"%"
1;"5c:cd:5b:bf:96:a4";"2022-11-08 09:56:39";23.8;"%"
1;"5c:cd:5b:bf:96:a4";"2022-11-08 09:56:34";25.6;"%"
1;"5c:cd:5b:bf:96:a4";"2022-11-08 09:56:29";17.9;"%"
1;"5c:cd:5b:bf:96:a4";"2022-11-08 09:56:24";30.0;"%"
1;"5c:cd:5b:bf:96:a4";"2022-11-08 09:56:19";20.0;"%"
1;"5c:cd:5b:bf:96:a4";"2022-11-08 09:56:14";15.8;"%"
1;"5c:cd:5b:bf:96:a4";"2022-11-08 09:56:09";30.6;"%"
1;"5c:cd:5b:bf:96:a4";"2022-11-08 09:56:04";40.0;"%"
1;"5c:cd:5b:bf:96:a4";"2022-11-08 09:55:58";17.9;"%"
1;"5c:cd:5b:bf:96:a4";"2022-11-08 09:55:53";23.8;"%"
1;"5c:cd:5b:bf:96:a4";"2022-11-08 09:55:48";17.9;"%"
1;"5c:cd:5b:bf:96:a4";"2022-11-08 09:55:43";38.5;"%"
1;"5c:cd:5b:bf:96:a4";"2022-11-08 09:55:38";38.5;"%"
1;"5c:cd:5b:bf:96:a4";"2022-11-08 09:55:33";35.0;"%"
1;"5c:cd:5b:bf:96:a4";"2022-11-08 09:55:28";34.2;"%"
1;"5c:cd:5b:bf:96:a4";"2022-11-08 09:55:23";22.5;"%"
1;"5c:cd:5b:bf:96:a4";"2022-11-08 09:55:18";22.5;"%"
1;"5c:cd:5b:bf:96:a4";"2022-11-08 09:55:13";64.1;"%"
1;"5c:cd:5b:bf:96:a4";"2022-11-08 09:55:08";25.0;"%"
1;"5c:cd:5b:bf:96:a4";"2022-11-08 09:55:03";38.5;"%"
1;"5c:cd:5b:bf:96:a4";"2022-11-08 09:54:58";24.3;"%"
1;"5c:cd:5b:bf:96:a4";"2022-11-08 09:54:52";17.9;"%"
1;"5c:cd:5b:bf:96:a4";"2022-11-08 09:54:47";22.0;"%"
1;"5c:cd:5b:bf:96:a4";"2022-11-08 09:54:42";51.3;"%"
1;"5c:cd:5b:bf:96:a4";"2022-11-08 09:54:37";22.5;"%"
1;"5c:cd:5b:bf:96:a4";"2022-11-08 09:54:32";39.5;"%"
1;"5c:cd:5b:bf:96:a4";"2022-11-08 09:54:27";22.5;"%"
1;"5c:cd:5b:bf:96:a4";"2022-11-08 09:54:22";21.6;"%"
1;"5c:cd:5b:bf:96:a4";"2022-11-08 09:54:17";29.7;"%"
1;"5c:cd:5b:bf:96:a4";"2022-11-08 09:54:12";31.6;"%"
1;"5c:cd:5b:bf:96:a4";"2022-11-08 09:54:07";34.1;"%"
1;"5c:cd:5b:bf:96:a4";"2022-11-08 09:54:02";40.5;"%"
1;"5c:cd:5b:bf:96:a4";"2022-11-08 09:53:57";15.4;"%"
1;"5c:cd:5b:bf:96:a4";"2022-11-08 09:53:52";37.1;"%"
1;"5c:cd:5b:bf:96:a4";"2022-11-08 09:53:46";47.4;"%"
1;"5c:cd:5b:bf:96:a4";"2022-11-08 09:53:41";22.5;"%"
1;"5c:cd:5b:bf:96:a4";"2022-11-08 09:53:36";36.6;"%"
1;"5c:cd:5b:bf:96:a4";"2022-11-08 09:53:31";80.0;"%"
1;"5c:cd:5b:bf:96:a4";"2022-11-08 09:53:26";25.6;"%"
1;"5c:cd:5b:bf:96:a4";"2022-11-08 09:53:21";23.8;"%"
1;"5c:cd:5b:bf:96:a4";"2022-11-08 09:53:16";24.4;"%"
1;"5c:cd:5b:bf:96:a4";"2022-11-08 09:53:11";29.3;"%"
1;"5c:cd:5b:bf:96:a4";"2022-11-08 09:53:06";30.6;"%"
1;"5c:cd:5b:bf:96:a4";"2022-11-08 09:53:01";23.8;"%"
1;"5c:cd:5b:bf:96:a4";"2022-11-08 09:52:56";25.0;"%"
1;"5c:cd:5b:bf:96:a4";"2022-11-08 09:52:51";31.0;"%"
1;"5c:cd:5b:bf:96:a4";"2022-11-08 09:52:46";50.0;"%"
1;"5c:cd:5b:bf:96:a4";"2022-11-08 09:52:40";46.2;"%"
1;"5c:cd:5b:bf:96:a4";"2022-11-08 09:52:35";24.4;"%"
1;"5c:cd:5b:bf:96:a4";"2022-11-08 09:52:30";40.5;"%"
1;"5c:cd:5b:bf:96:a4";"2022-11-08 09:52:25";57.5;"%"
1;"5c:cd:5b:bf:96:a4";"2022-11-08 09:52:20";39.0;"%"
1;"5c:cd:5b:bf:96:a4";"2022-11-08 09:52:15";2.6;"%"
1;"5c:cd:5b:bf:96:a4";"2022-11-08 09:52:10";4.9;"%"
1;"5c:cd:5b:bf:96:a4";"2022-11-08 09:52:05";10.5;"%"
1;"5c:cd:5b:bf:96:a4";"2022-11-08 09:52:00";2.6;"%"
1;"5c:cd:5b:bf:96:a4";"2022-11-08 09:51:55";5.1;"%"
1;"5c:cd:5b:bf:96:a4";"2022-11-08 09:51:50";5.3;"%"
1;"5c:cd:5b:bf:96:a4";"2022-11-08 09:51:45";2.6;"%"
1;"5c:cd:5b:bf:96:a4";"2022-11-08 09:51:40";20.5;"%"
1;"5c:cd:5b:bf:96:a4";"2022-11-08 09:51:35";31.6;"%"
1;"5c:cd:5b:bf:96:a4";"2022-11-08 09:51:30";4.9;"%"
1;"5c:cd:5b:bf:96:a4";"2022-11-08 09:51:25";2.6;"%"
1;"5c:cd:5b:bf:96:a4";"2022-11-08 09:51:20";5.1;"%"
1;"5c:cd:5b:bf:96:a4";"2022-11-08 09:51:15";12.2;"%"
1;"5c:cd:5b:bf:96:a4";"2022-11-08 09:51:09";2.6;"%"
1;"5c:cd:5b:bf:96:a4";"2022-11-08 09:51:04";5.0;"%"
1;"5c:cd:5b:bf:96:a4";"2022-11-08 09:50:59";5.1;"%"
1;"5c:cd:5b:bf:96:a4";"2022-11-08 09:50:54";0.0;"%"
1;"5c:cd:5b:bf:96:a4";"2022-11-08 09:50:49";2.5;"%"
1;"5c:cd:5b:bf:96:a4";"2022-11-08 09:50:44";7.1;"%"
1;"5c:cd:5b:bf:96:a4";"2022-11-08 09:50:39";42.5;"%"
1;"5c:cd:5b:bf:96:a4";"2022-11-08 09:50:34";5.4;"%"
1;"5c:cd:5b:bf:96:a4";"2022-11-08 09:50:29";12.5;"%"
1;"5c:cd:5b:bf:96:a4";"2022-11-08 09:50:24";2.5;"%"
1;"5c:cd:5b:bf:96:a4";"2022-11-08 09:50:19";4.9;"%"
1;"5c:cd:5b:bf:96:a4";"2022-11-08 09:50:14";19.0;"%"
1;"5c:cd:5b:bf:96:a4";"2022-11-08 09:50:09";17.5;"%"
1;"5c:cd:5b:bf:96:a4";"2022-11-08 09:50:04";15.4;"%"
1;"5c:cd:5b:bf:96:a4";"2022-11-08 09:49:59";37.8;"%"
1;"5c:cd:5b:bf:96:a4";"2022-11-08 09:49:54";16.2;"%"
1;"5c:cd:5b:bf:96:a4";"2022-11-08 09:49:49";10.3;"%"
1;"5c:cd:5b:bf:96:a4";"2022-11-08 09:49:44";10.8;"%"
1;"5c:cd:5b:bf:96:a4";"2022-11-08 09:49:39";2.5;"%"
1;"5c:cd:5b:bf:96:a4";"2022-11-08 09:49:34";0.0;"%"
1;"5c:cd:5b:bf:96:a4";"2022-11-08 09:49:29";0.0;"%"
1;"5c:cd:5b:bf:96:a4";"2022-11-08 09:49:23";0.0;"%"
1;"5c:cd:5b:bf:96:a4";"2022-11-08 09:49:18";0.0;"%"
1;"5c:cd:5b:bf:96:a4";"2022-11-08 09:49:13";4.9;"%"
1;"5c:cd:5b:bf:96:a4";"2022-11-08 09:49:08";2.6;"%"
1;"5c:cd:5b:bf:96:a4";"2022-11-08 09:49:03";0.0;"%"
1;"5c:cd:5b:bf:96:a4";"2022-11-08 09:48:58";2.5;"%"
1;"5c:cd:5b:bf:96:a4";"2022-11-08 09:48:53";2.5;"%"
1;"5c:cd:5b:bf:96:a4";"2022-11-08 09:48:48";0.0;"%"
1;"5c:cd:5b:bf:96:a4";"2022-11-08 09:48:43";0.0;"%"
1;"5c:cd:5b:bf:96:a4";"2022-11-08 09:48:38";21.6;"%"
1;"5c:cd:5b:bf:96:a4";"2022-11-08 09:48:33";2.5;"%"
1;"5c:cd:5b:bf:96:a4";"2022-11-08 09:48:28";10.0;"%"
1;"5c:cd:5b:bf:96:a4";"2022-11-08 09:48:23";2.5;"%"
1;"5c:cd:5b:bf:96:a4";"2022-11-08 09:48:18";0.0;"%"
1;"5c:cd:5b:bf:96:a4";"2022-11-08 09:48:13";20.9;"%"
1;"5c:cd:5b:bf:96:a4";"2022-11-08 09:48:08";33.3;"%"
